h1_row,e_hat,Y_hat,dr_score
1,0.731793338936196,0.378035397797995,-0.465491329860098
2,0.778839321789322,0.200147071530064,-0.18194588913032
3,0.649420095573942,0.345041264270545,-0.485533069941716
4,0.840971980660074,0.1805447822345,-0.150119755100658
5,0.780675628226649,0.159425452070268,-0.178600372244563
6,0.74405738618337,0.32461371284656,1.04878644521376
7,0.728892218892219,0.340619089107439,-0.408583246733242
8,0.696895878785081,0.157784301161547,0.474161634493569
9,0.795411937144221,0.15738648225321,-0.146937151434893
10,0.740503875464813,0.226004439689818,-0.274946384865678
11,0.745417913232874,0.330003187455891,-2.83162250009602
12,0.723849217911718,0.345537475984493,0.944848529588204
13,0.764122713520303,0.191044039113248,-0.196680873072455
14,0.748228518114882,0.292706590152931,-0.342044040767224
15,0.764970263371426,0.299697262840941,-3.25054652599096
16,0.781428317320645,0.150793238619126,-0.164042365581663
17,0.645519813742705,0.313853041742152,0.801265283204851
18,0.632594242304986,0.169102916611296,-0.228985645424657
19,0.731476595063551,0.277566223936977,-0.341211392144394
20,0.692871753413922,0.364932220070658,0.97197055781689
21,0.748893687473934,0.154428089632338,-0.171110478996724
22,0.668054485338671,0.189718406646205,-0.243424029651313
23,0.815070136834842,0.203889627028459,0.943836957288829
24,0.826846721931252,0.268764199024141,0.943702164946538
25,0.710101191079452,0.432947182886251,0.837745183024386
26,0.732233473799739,0.412794126269452,0.864572644437505
27,0.753923880067033,0.169579010697748,-0.191079739333862
28,0.685326945674217,0.228507607782807,0.611180818239368
29,0.71916943010693,0.164624631397244,-0.190558104540699
30,0.812171119942859,0.36067475306437,-0.354578423691351
31,0.731639958440806,0.313064358833546,-0.362586292478325
32,0.780459772092003,0.328265326999303,1.22525811622215
33,0.739791070779664,0.29148741918628,1.0195138352303
34,0.773820715720901,0.145637373044178,-0.144029794061844
35,0.771318986239935,0.180130591832869,-0.173516725233075
36,0.748064741711568,0.178827627091717,-0.177338278850992
37,0.687465182798437,0.296779792819705,1.07907768617331
38,0.666308210892142,0.16245344567761,-2.62016943040886
39,0.78555674126743,0.139192609163274,1.13343303065729
40,0.77429772608344,0.159184790833687,-0.184025537972771
41,0.758500136840218,0.29771865853576,-0.349055773212515
42,0.683535174650877,0.323285762816509,1.04551498623589
43,0.771209800804696,0.260147194758479,0.999763925129647
44,0.715361170304136,0.323797206723224,-0.372506620952276
45,0.773649480000286,0.175679232747711,-0.201169802707788
46,0.748716960197647,0.214744718396619,1.10910838927654
47,0.791968575642045,0.379162705673257,0.831326784061418
48,0.69866437250891,0.20011728775789,-0.247548469647667
49,0.75337929556057,0.18090897701559,-0.189743703221495
50,0.708230780657251,0.158209472455501,-0.170219091081829
51,0.680283128063527,0.337866732593467,-2.25009499969897
52,0.813793173672206,0.172889174803325,-0.170900803075546
53,0.736498106441825,0.308754643901964,1.00019903635722
54,0.71072206660442,0.150706639542305,-0.186990102730423
55,0.739446912226382,0.170673603393416,-0.176492408135763
56,0.79158860005035,0.152947240258678,-0.174507547385852
57,0.776171623447888,0.337191601705746,1.26829277407872
58,0.691028449064163,0.298884958393752,-0.376686009845673
59,0.714260175108071,0.290720037158218,1.0495223280512
60,0.681168517408874,0.34045195267412,-0.434341431493015
61,0.695052502593825,0.319439042650212,0.906571067528278
62,0.783533447684391,0.379138787836901,-0.433129493399497
63,0.700169561006471,0.320648333465076,-0.394415846979407
64,0.704852891929163,0.184786213098613,0.529263685522882
65,0.788011007005148,0.150469389708945,-0.140535520132338
66,0.71425086287291,0.179366849657225,-0.20394102421214
67,0.745067197721018,0.195238992533335,0.656279144706563
68,0.641833081786122,0.184540565495684,1.31197426983514
69,0.74467784558146,0.45555433614425,1.60794732288564
70,0.67985994397759,0.162186187681226,-0.192796888195789
71,0.666451329678074,0.29970812845673,1.10022467688158
72,0.816563991563992,0.377755652363647,1.83424066273783
73,0.69158667419537,0.31226567756108,0.898275432415633
74,0.778832311607902,0.376629288918905,-0.420570566813214
75,0.659108798326355,0.149323872086285,-0.200148173574535
76,0.720381740900608,0.364808638615077,-0.435800808177292
77,0.80950762394277,0.156208308536286,0.634490669252127
78,0.731375179954725,0.168254582763013,1.15661933909845
79,0.801173196551348,0.16636316742657,0.644247544754877
80,0.749421190638863,0.318204439852224,0.977639797929855
81,0.742502964871386,0.140838497834049,1.19613451026638
82,0.85857116673649,0.159215776055783,1.0281114290807
83,0.800657537439147,0.348631088088773,-0.375502347363216
84,0.757430006861825,0.267339101290501,-3.2742189993374
85,0.778407757396084,0.379712381124463,-0.416169901148893
86,0.726468680179889,0.327044944591924,-0.37271509828485
87,0.769765706486208,0.156691169607599,-0.169669076527859
88,0.721129435809668,0.303562401222552,-0.35987725304113
89,0.785484003674665,0.341356928203493,0.886595851806047
90,0.71531417800949,0.310926759808444,0.950524213656333
91,0.668867171577255,0.371761990291402,0.998321151892779
92,0.771028981540345,0.299354132901309,-0.31862203701312
93,0.802430227199894,0.150084255870823,0.654429350443123
94,0.700316255037285,0.261971764039554,-0.323630111955576
95,0.690839690363335,0.363184448581666,0.954203061284188
96,0.77228587039344,0.281770280500464,0.971175172230056
97,0.718650076775077,0.30920522216555,-0.35714017535168
98,0.716789640655693,0.186504334306532,0.571072198367431
99,0.78504033253591,0.287814227614917,-0.311958299747526
100,0.803136636606025,0.13928417981249,-0.137336278722881
101,0.767629162220999,0.256386877503078,1.04547486288553
102,0.616431720734046,0.30909743295966,-0.462420110350474
103,0.740313032926669,0.293836758123811,1.01804289053271
104,0.68766338257079,0.333269277383573,0.938081609811034
105,0.721064708711768,0.16172061197824,-0.193712731743548
106,0.697914838688648,0.28836804322392,1.0636819148433
107,0.799659520696106,0.334403414347259,0.883860326435729
108,0.736622463415292,0.154981655311036,-0.179639314568776
109,0.736104959854959,0.199881553409354,-0.235275825604395
110,0.620575502928444,0.193513174193557,-0.273473989498904
111,0.786246656236326,0.200165244057576,-0.189193539102561
112,0.707803087064451,0.338825644509037,0.984888340056194
113,0.674606610052857,0.372372858436077,-0.486233307335027
114,0.793486346690008,0.353005641993679,1.50961168545118
115,0.79632465233821,0.262334467387908,-0.254687109336598
116,0.795030046506424,0.173169525953346,0.69345326047066
117,0.678637264570522,0.265379002297256,0.722734307034832
118,0.815598077136539,0.353143511362102,-0.38750339523147
119,0.778731004663939,0.16454866066448,-0.168279907439584
120,0.807229247661346,0.295289793899954,-0.302224110918227
121,0.686491929479734,0.192753879523756,0.502861279522201
122,0.742937157309627,0.170573795921563,-0.200631500203437
123,0.748387947010511,0.14739626873719,-0.181097395026824
124,0.779417105371304,0.199728108914511,0.787060998973451
125,0.779051701262283,0.366156537092673,-0.410455253616101
126,0.745601892438627,0.329375749674107,-0.37483454607106
127,0.781247181154244,0.319335522973214,-0.32531162750549
128,0.739561838624339,0.198102847983875,1.10286362652159
129,0.785790613358487,0.166672596673827,-0.142856148766488
130,0.779710545010545,0.150062899456023,-0.17592782965879
131,0.729499197128679,0.391383092352959,0.901080704117221
132,0.763255429021503,0.313308264927275,-3.15155298078003
133,0.756059303508283,0.43877254893088,-0.53485241772447
134,0.81086087320397,0.336120999325154,0.892231515584275
135,0.769416895828186,0.399276328528651,-0.452596798432001
136,0.662681140896909,0.180102646385043,-0.224211785747654
137,0.772203991995658,0.315316397911895,-0.341932173614876
138,0.847072180501704,0.191849880743469,-0.173619329814801
139,0.794725644725645,0.341249261963394,-0.385576801875596
140,0.818585020643845,0.369795563657155,-0.38356311806453
141,0.749369561107366,0.298643607479235,-0.336293230485221
142,0.776338062239225,0.289757620880408,1.11682731389901
143,0.765350815205467,0.347443774141655,-0.399544919918527
144,0.766896100930551,0.313827050516847,1.12720064401377
145,0.750225127941391,0.171914063197036,-0.176590203847565
146,0.757824458739093,0.154955113049189,0.602314844539123
147,0.802309983480572,0.322949659444031,-0.354188973373405
148,0.81286999144142,0.348020835686668,-0.347781759761
149,0.719146158431872,0.165755379428692,-0.170819328247849
150,0.680848689490665,0.40560768712524,-0.538509229213975
151,0.781700833337738,0.150224096732934,-0.14086829656842
152,0.659367723909556,0.183574421018843,1.28329921015588
153,0.788728544383306,0.171235842390714,-0.159720308328353
154,0.780609617756795,0.334929271241203,-0.374386140600162
155,0.684152887882727,0.203792634637736,-0.250755171087668
156,0.677620164361055,0.181193700925374,0.463859668899343
157,0.759714255781671,0.123207362975029,-3.80893657096637
158,0.748665364583334,0.350177063239322,-0.409552002029413
159,0.756039040133243,0.147915683796932,0.538781651559807
160,0.773112642637436,0.353816485266148,-0.407385363707545
161,0.76124785708119,0.271288646996826,-0.297021969671519
162,0.660553367572598,0.272823540410027,1.14154131537181
163,0.748433271709134,0.342436518821217,-0.402970233473007
164,0.636165244469742,0.185122588034411,0.43657199673825
165,0.634899622513385,0.203369138598878,-0.279226642676395
166,0.69734127550454,0.199191344407932,0.554593682811869
167,0.71467871685714,0.251275494516041,-0.295028784440002
168,0.63166722879148,0.354485898746866,0.870850204313352
169,0.776453451124039,0.170851287782888,0.572309463399563
170,0.726918306670372,0.374433975340044,0.925590927446338
171,0.595332812612224,0.302029930564998,1.20856423064988
172,0.695776018852942,0.185407646492441,-0.22659597806019
173,0.647825122893522,0.349233716191473,0.904287554521698
174,0.809671912051943,0.185076489886253,0.823674242855093
175,0.807655018106699,0.143202025886439,-0.143340008112406
176,0.697789849039849,0.184321663299714,-0.216061598559822
177,0.810575828297347,0.32888490325031,1.48185461654399
178,0.7488552828059,0.3066256376023,-0.323849400455838
179,0.755870496346687,0.219503831235894,1.07721925197051
180,0.753608771201364,0.291862278965835,0.983489168800007
181,0.757912867047483,0.276103561887876,-0.292277105062544
182,0.730174472760024,0.211522405494747,0.704740870386925
183,0.718210054664238,0.167179653230955,-0.189983587129053
184,0.733467533683797,0.269354037469531,1.06891049664751
185,0.72585692195376,0.329995667805672,-0.374849493740812
186,0.668756958393364,0.305589990168398,1.0982203723474
187,0.698440148440148,0.344086187472301,-0.437640856870981
188,0.796869282575657,0.147312002985403,-0.137922969900437
189,0.835183008480881,0.387400307465978,-4.0811445501077
190,0.786633694083694,0.299140202308952,0.931132573838924
191,0.795753315375409,0.366388138769741,1.61069385452246
192,0.739973054156728,0.277861451552184,-0.297897261409135
193,0.72074300315407,0.167589706372358,-0.204188687551046
194,0.7838686589333,0.183046196778925,-0.188902075629521
195,0.735117982524621,0.315247736938238,-0.370565216303101
196,0.786285959251964,0.274742577485722,0.991262008403671
197,0.711846421807359,0.189501625824912,-0.241562295767987
198,0.720524693711717,0.248432985834622,1.09886443984149
199,0.778589734985084,0.154414413904379,-0.162321426836443
200,0.785736416036953,0.313899534307772,0.919820724546951
201,0.756534725669539,0.169452854052332,0.512405025633347
202,0.817812949577655,0.147825672966289,-0.16023451978455
203,0.6924487787136,0.307363159452644,1.04557811108257
204,0.737819571944286,0.157125504372497,-0.182658140403049
205,0.75369074835421,0.330306899241042,1.15736867477482
206,0.828510084939634,0.313972678705237,0.895045120118771
207,0.712090745389064,0.405029880456228,-0.521984761410584
208,0.712462680051613,0.154584768640457,1.2420664978151
209,0.762154775395882,0.164192612269419,-0.196059584964974
210,0.725889940046567,0.172606556769126,-0.202455488867415
211,0.73340252132387,0.282856998915575,-0.337190180653861
212,0.718736686401901,0.325559670130244,-0.381938547502644
213,0.765550014723568,0.32149603716891,-3.18874479837138
214,0.637153544309635,0.202464712842852,-0.274101294039334
215,0.783863520738521,0.164081156577006,1.11353119601313
216,0.753443386551649,0.17425173912122,-0.179272544023261
217,0.754628305114686,0.193094129112501,-0.213817957215951
218,0.654300210808475,0.310229913002905,0.798194121008712
219,0.699800013337562,0.308991979456988,-0.365384386768522
220,0.769112292666011,0.334200015809446,-0.373185870698684
221,0.586105784989765,0.274820260974644,1.27457739676259
222,0.763050681611846,0.207144637792147,-3.50668935310714
223,0.730285104680266,0.165748752471157,-0.199034230266194
224,0.738794926294927,0.30722929894039,-0.343704799657344
225,0.700136418292312,0.311957028784138,-0.380300429840755
226,0.759798980582113,0.343111507702987,-0.378469641817218
227,0.646005741943242,0.338676026111688,0.866313084031513
228,0.801352231997393,0.400121497273325,-0.43785580109602
229,0.76776730756223,0.332677134177494,-0.351821557238544
230,0.633972026756023,0.209802658146092,-0.287641665020423
231,0.766637322326505,0.190103264518175,-0.217315808901658
232,0.657442877941443,0.288750568006672,-0.397005712260885
233,0.711469141095125,0.179709894799165,0.518734931927913
234,0.73047844231008,0.150246949733474,-0.191481432139158
235,0.752115930354249,0.1897581016717,-0.2113157011373
236,0.825726086026515,0.137254450496154,-0.144388871072843
237,0.64855536217192,0.362725146230956,-0.503727218113433
238,0.748791499510363,0.394073400165374,0.849606810401007
239,0.674904819726995,0.302134425281364,-2.27988724793555
240,0.738957996488117,0.168879839828418,-0.179468666758104
241,0.737564864409883,0.157378793924664,-0.168954860039273
242,0.716056723285639,0.346551305124219,-2.43981559711305
243,0.752440148601974,0.357695638331683,1.33282157802536
244,0.73018100385357,0.276008526005099,-0.3325122458364
245,0.729293102055748,0.336039032757681,1.07816655035905
246,0.754272682288214,0.210959923027649,-0.231024173644224
247,0.777175602175602,0.294805423890048,-0.297031589534681
248,0.762951253539489,0.295624897773418,0.997148438652934
249,0.688524163226545,0.341973627743773,-0.445017808984433
250,0.732609553951017,0.274887398865364,0.896809306584314
251,0.705878421095813,0.182830853676333,1.19258033611107
252,0.811471406032475,0.189921135534997,-0.170090787004834
253,0.739161438843642,0.270604853950097,1.03303343990446
254,0.766605265681142,0.14816872698072,-0.15538848947713
255,0.775091202688606,0.178505131806438,-0.168569435369278
256,0.809549410910128,0.146639188893161,-0.128609677867896
257,0.64457421663304,0.35482917526769,-0.490560400672538
258,0.793236769690258,0.175762880817942,0.719062419903299
259,0.76026058284085,0.20753072774292,0.71083460962554
260,0.784305000555001,0.393205507915915,1.67609892299103
261,0.796119825056833,0.160438544155048,0.599093709448028
262,0.769621629966458,0.362941454342322,1.38341774535907
263,0.744602695346345,0.300947578758488,0.990999805983621
264,0.765465877247486,0.343883146147977,0.909450941260434
265,0.734277559839162,0.18177759228173,0.561608965992467
266,0.745738885680292,0.165200427779878,-0.190318688277637
267,0.740781407481407,0.345649040953313,-0.419033348754959
268,0.700348700086095,0.210513968539645,0.60751718234582
269,0.780495980681854,0.270403334644104,-0.28632378773591
270,0.717091113021345,0.160604748707486,0.444929354371577
271,0.804151809945573,0.145540891100516,-0.156865226250522
272,0.75431092476547,0.25785631667106,-3.21306755603668
273,0.716309640651746,0.182447812226842,0.539539581084062
274,0.728972123796343,0.182054465629151,-0.187374389315628
275,0.740193636886244,0.210609860119139,-0.239136622108212
276,0.683071656012832,0.166924080047819,1.27289637876377
277,0.823271439208939,0.350846984493212,0.86973540858231
278,0.77922631883306,0.14792313799166,-0.142872036899929
279,0.816862246549747,0.364163532974674,-3.82947863043233
280,0.811004395418621,0.301992701333755,-0.305574883920931
281,0.716193367597862,0.17380180789401,-0.198820054282613
282,0.848508693367564,0.338189221146845,1.84193375335271
283,0.815529975599179,0.294484428737057,0.921828814526665
284,0.764335342133943,0.299177646573731,-0.340082646232303
285,0.715480620743779,0.267692587086426,1.07969747883744
286,0.733554533295197,0.350125675382635,-0.420311453705184
287,0.711287011410229,0.198905679961642,-0.242912828899484
288,0.761256484713275,0.373467992285785,-0.435586753396299
289,0.699753885219001,0.188760362016599,0.513055663464026
290,0.809629248617344,0.246405139328995,-4.36078384346869
291,0.774585301884153,0.337661371730732,0.914440324310517
292,0.612186325579182,0.328912215278994,0.787204630138621
293,0.811349878934625,0.29117091007096,-0.282652007388349
294,0.743673641533564,0.172170016722385,-0.189923179744947
295,0.762556022408964,0.354576964675593,-0.416786651828081
296,0.71370056761623,0.334242952960594,0.967503984701013
297,0.788129942759572,0.215793374622112,0.904116271275013
298,0.734461800788946,0.19330427033125,0.561957512106661
299,0.74126451203232,0.336692499175277,0.943653871542779
300,0.797325708128177,0.349088146040045,-0.377573456620727
301,0.771417695408727,0.17363238001529,-0.209056656236024
302,0.728539762967729,0.152241280635132,-0.160992240575503
303,0.7850711541423,0.153869784602342,0.600502543491879
304,0.762879660661919,0.413699856849632,0.804971658332689
305,0.724127196588134,0.151204034941741,1.20764039486972
306,0.750442070233493,0.29107273053046,-0.314922254332334
307,0.641129622011975,0.191830394545725,-0.261462244375477
308,0.671476351723264,0.3839121143495,-0.501344688778223
309,0.747867779196893,0.266281116711504,1.03215003107168
310,0.738576701076701,0.28741361697872,-0.345937992399109
311,0.656461236840984,0.172195776617178,0.430820163980398
312,0.661215230117669,0.314784832604322,0.818402396092905
313,0.719845896629889,0.17532185414925,0.481227796790049
314,0.6998820510091,0.255137317383447,1.12200987997653
315,0.689149236590181,0.155658250041637,1.26547148006944
316,0.62203373015873,0.333281430313103,1.11340382557349
317,0.707531143201875,0.358678001502582,-0.43526985587901
318,0.783770114517241,0.164311181606173,-0.170340870013279
319,0.704780350368586,0.352008441315018,-0.431625422473656
320,0.721006399549707,0.173969624391942,0.487163754749629
321,0.812428476714191,0.141943463973183,-0.143733048364095
322,0.658733055346601,0.353505145241411,-0.484300344061833
323,0.794640787263738,0.202651214496459,0.697697333898085
324,0.771744308886107,0.375767398913809,-0.429067553736727
325,0.785015899504536,0.207414109748107,-0.221619363063252
326,0.749974287557259,0.151719961641024,-0.161433043638907
327,0.763438061938062,0.164486687754793,-3.70903204141007
328,0.682938257394779,0.417778230800997,0.896084430643373
329,0.71962837761593,0.29966206474917,1.02211153166133
330,0.745536955594427,0.305442415124787,-0.34513121356079
331,0.740722906545235,0.146927044107887,0.460831273169054
332,0.766756726258572,0.152283882814209,-0.170689992310162
333,0.781442723942724,0.148288258173487,0.589161694066241
334,0.821729016880458,0.135600064937766,-0.13942230721941
335,0.770777700772938,0.330697626746364,1.24636607302327
336,0.740949429200884,0.29523144925254,-0.330990812107577
337,0.759277702875264,0.169401366912646,-0.167407574198369
338,0.810376229410321,0.138699564456556,-4.78978234308913
339,0.71016184185922,0.160943890874777,-0.175109619962368
340,0.747879435379435,0.194968291112685,0.65728793269649
341,0.783077274655664,0.178394351056656,-0.192507147824025
342,0.762583309533201,0.190289027198846,-0.203948345374767
343,0.80671743568085,0.13061120595982,-0.138215322199945
344,0.728661004720326,0.147716235426283,1.21333984602372
345,0.796392555285289,0.270148770257026,-0.259475400654516
346,0.730049871751116,0.291716396734875,0.893500572733441
347,0.76093290178656,0.231072352158844,-0.278262372414602
348,0.699042743141455,0.326160411720245,0.956528228678702
349,0.732003398095835,0.415697280950921,1.41650233518591
350,0.755504973797657,0.310530209176368,1.18132768287856
351,0.841668863041031,0.140025787579482,1.08025751995433
352,0.761358647065247,0.176474503168264,-0.184360320844361
353,0.740645235783291,0.186198655823095,-3.34162873809523
354,0.722185600950764,0.158229075009444,-0.16063761111586
355,0.662054229295608,0.170425507973438,-0.209266723657071
356,0.703682633053221,0.306043983552807,-2.52384079975656
357,0.740647009422659,0.167284241984231,-0.170965157930051
358,0.789175778108584,0.189984010001328,0.648068799415813
359,0.745818349410869,0.319573462091629,-0.350430817942996
360,0.729144547627038,0.16333107907843,1.16202837527439
361,0.7594193839447,0.31051638046028,1.1765691810119
362,0.71893016983017,0.285195392883756,-0.337858314643663
363,0.753607975248291,0.148583108566352,-0.158368633389991
364,0.742712298250273,0.307538349422388,0.99255018490879
365,0.743371889713116,0.323639252444662,0.957470719967382
366,0.783375119325119,0.144204124401766,-0.14383075604894
367,0.73846249464227,0.14799655294669,-0.16934321533147
368,0.718433487808488,0.191145273825851,-0.234058863206074
369,0.758340502090502,0.150480326519892,-0.16445528913362
370,0.643295127343635,0.283526150430233,1.1583400663996
