h2_row,configuration,priority
1,Clinical only,0.08680592452799095
2,Clinical only,0.09404648974569821
3,Clinical only,0.03762649706995462
4,Clinical only,0.1037989798461427
5,Clinical only,0.09839855616162196
6,Clinical only,0.04339223075135671
7,Clinical only,0.08545272506193596
8,Clinical only,0.08919855405654085
9,Clinical only,0.11563538667265467
10,Clinical only,0.07455234925584019
11,Clinical only,0.09713452574487148
12,Clinical only,0.0534761490107009
13,Clinical only,0.11725526611587343
14,Clinical only,0.1001295306760071
15,Clinical only,0.04452455271977523
16,Clinical only,0.09713452574487148
17,Clinical only,0.10747356934566128
18,Clinical only,0.11104507783173218
19,Clinical only,0.03836604342323252
20,Clinical only,0.10191060122352451
21,Clinical only,0.07163968980119556
22,Clinical only,0.09713452574487148
23,Clinical only,0.10512899607597356
24,Clinical only,0.10003306748813447
25,Clinical only,0.07019583987528903
26,Clinical only,0.07153065417085097
27,Clinical only,0.11073857569298022
28,Clinical only,0.03762649706995462
29,Clinical only,0.11487832769506374
30,Clinical only,0.10215157916890516
31,Clinical only,0.10033809540760301
32,Clinical only,0.03836604342323252
33,Clinical only,0.045399418773050336
34,Clinical only,0.07843017520330231
35,Clinical only,0.03990557192269249
36,Clinical only,0.09178129183949467
37,Clinical only,0.07163968980119556
38,Clinical only,0.0364387944705257
39,Clinical only,0.06941885354480865
40,Clinical only,0.07163968980119556
41,Clinical only,0.03836604342323252
42,Clinical only,0.09178129183949467
43,Clinical only,0.03836604342323252
44,Clinical only,0.09234572649400652
45,Clinical only,0.09713452574487148
46,Clinical only,0.03836604342323252
47,Clinical only,0.03836604342323252
48,Clinical only,0.10774352513062534
49,Clinical only,0.03836604342323252
50,Clinical only,0.07653230751748256
51,Clinical only,0.09574126325972061
52,Clinical only,0.11483897854934276
53,Clinical only,0.03836604342323252
54,Clinical only,0.0364387944705257
55,Clinical only,0.09549678579004953
56,Clinical only,0.094704873066032
57,Clinical only,0.09622704253860355
58,Clinical only,0.03836604342323252
59,Clinical only,0.09178129183949467
60,Clinical only,0.09578997468432847
61,Clinical only,0.09198796270373333
62,Clinical only,0.09390922096089206
63,Clinical only,0.09920629036956337
64,Clinical only,0.09301612835298875
65,Clinical only,0.09156820862784339
66,Clinical only,0.06537908072216397
67,Clinical only,0.08156355115987982
68,Clinical only,0.09579694694081037
69,Clinical only,0.10140293328025861
70,Clinical only,0.10655891226491827
71,Clinical only,0.08677358119504285
72,Clinical only,0.08694266046939494
73,Clinical only,0.08812375029011545
74,Clinical only,0.04905387776797137
75,Clinical only,0.09178129183949467
76,Clinical only,0.039746005426334004
77,Clinical only,0.10035017446263435
78,Clinical only,0.09301612835298875
79,Clinical only,0.09473486610596969
80,Clinical only,0.09178129183949467
81,Clinical only,0.1087124462930342
82,Clinical only,0.07400064695448107
83,Clinical only,0.044653680300464994
84,Clinical only,0.11610351055924951
85,Clinical only,0.09839855616162196
86,Clinical only,0.04981966135867241
87,Clinical only,0.07723136042957027
88,Clinical only,0.09178129183949467
89,Clinical only,0.07163968980119556
90,Clinical only,0.04486377691844528
91,Clinical only,0.09944746047174301
92,Clinical only,0.03820295389763569
93,Clinical only,0.10492645139873898
94,Clinical only,0.05337483587587363
95,Clinical only,0.04127677534144273
96,Clinical only,0.09211378767130042
97,Clinical only,0.09178129183949467
98,Clinical only,0.10482372202702665
99,Clinical only,0.10574996823273651
100,Clinical only,0.09441155394228361
101,Clinical only,0.07019583987528903
102,Clinical only,0.1098562486274221
103,Clinical only,0.09487925159421252
104,Clinical only,0.08045929873173382
105,Clinical only,0.04742476173515862
106,Clinical only,0.039746005426334004
107,Clinical only,0.03836604342323252
108,Clinical only,0.09862242718550306
109,Clinical only,0.10644562884592942
110,Clinical only,0.09713452574487148
111,Clinical only,0.06922034517188161
112,Clinical only,0.07153065417085097
113,Clinical only,0.11186355900254377
114,Clinical only,0.03923830686995956
115,Clinical only,0.1068656628410919
116,Clinical only,0.10619482265287906
117,Clinical only,0.07163968980119556
118,Clinical only,0.08491281177233907
119,Clinical only,0.11116091443973079
120,Clinical only,0.09378870344366967
121,Clinical only,0.097320111607502
122,Clinical only,0.06934521830433903
123,Clinical only,0.09156820862784339
124,Clinical only,0.09289115624066152
125,Clinical only,0.09033624767567718
126,Clinical only,0.09404648974569821
127,Clinical only,0.06922034517188161
128,Clinical only,0.10666212412429542
129,Clinical only,0.10024485087157023
130,Clinical only,0.06769816454772384
131,Clinical only,0.04224338417859489
132,Clinical only,0.09844087680828544
133,Clinical only,0.06331914328875407
134,Clinical only,0.07163968980119556
135,Clinical only,0.08910691582031272
136,Clinical only,0.09156820862784339
137,Clinical only,0.11202280597183613
138,Clinical only,0.0850855171932562
139,Clinical only,0.09200922667550203
140,Clinical only,0.03837142874937014
141,Clinical only,0.09531755118861086
142,Clinical only,0.05325068272719047
143,Clinical only,0.045399418773050336
144,Clinical only,0.10113206676344477
145,Clinical only,0.09871441852320331
146,Clinical only,0.10696746592686235
147,Clinical only,0.04552576885978892
148,Clinical only,0.09713452574487148
149,Clinical only,0.0736289122389165
150,Clinical only,0.09404648974569821
151,Clinical only,0.09241563646961096
152,Clinical only,0.11227839843225514
153,Clinical only,0.07019583987528903
154,Clinical only,0.09617558219740877
155,Clinical only,0.07133190323823208
156,Clinical only,0.06922034517188161
157,Clinical only,0.07862228200796298
158,Clinical only,0.11641378348129272
159,Clinical only,0.03836604342323252
160,Clinical only,0.09404648974569821
161,Clinical only,0.1077504714906042
162,Clinical only,0.10649826287399647
163,Clinical only,0.03571462220718945
164,Clinical only,0.03836604342323252
165,Clinical only,0.09178129183949467
166,Clinical only,0.07163968980119556
167,Clinical only,0.0977871995180595
168,Clinical only,0.09617558219740877
169,Clinical only,0.09896206814668722
170,Clinical only,0.09729768716798312
171,Clinical only,0.10003306748813447
172,Clinical only,0.09432317168491187
173,Clinical only,0.10619482265287906
174,Clinical only,0.03836604342323252
175,Clinical only,0.11610351055924951
176,Clinical only,0.08971463203041292
177,Clinical only,0.06922034517188161
178,Clinical only,0.08092138605352198
179,Clinical only,0.09457777195941403
180,Clinical only,0.11292500262922885
181,Clinical only,0.08467057883060376
182,Clinical only,0.09156820862784339
183,Clinical only,0.09549678579004953
184,Clinical only,0.04981966135867241
185,Clinical only,0.08092138605352198
186,Clinical only,0.0979216797665915
187,Clinical only,0.09404648974569821
188,Clinical only,0.09839855616162196
189,Clinical only,0.04248972488207346
190,Clinical only,0.1068656628410919
191,Clinical only,0.11186355900254377
192,Clinical only,0.10003306748813447
193,Clinical only,0.10003306748813447
194,Clinical only,0.07163968980119556
195,Clinical only,0.10043455101975696
196,Clinical only,0.09156820862784339
197,Clinical only,0.10493004558044311
198,Clinical only,0.09178129183949467
199,Clinical only,0.07653230751748256
200,Clinical only,0.11116091443973079
201,Clinical only,0.07163968980119556
202,Clinical only,0.10185696064158459
203,Clinical only,0.04486377691844528
204,Clinical only,0.08300746389192068
205,Clinical only,0.08582729152165375
206,Clinical only,0.0748348538811844
207,Clinical only,0.11013972271764287
208,Clinical only,0.08566677666135336
209,Clinical only,0.10124700148565283
210,Clinical only,0.09931490950870708
211,Clinical only,0.10215157916890516
212,Clinical only,0.03781944022893282
213,Clinical only,0.08969266501332725
214,Clinical only,0.09404648974569821
215,Clinical only,0.10191060122352451
216,Clinical only,0.0980044309861567
217,Clinical only,0.07987558649908184
218,Clinical only,0.10259938037225619
219,Clinical only,0.09617337059021425
220,Clinical only,0.06537908072216397
221,Clinical only,0.09709202171015098
222,Clinical only,0.10216919406003547
223,Clinical only,0.06289939619312873
224,Clinical only,0.07163968980119556
225,Clinical only,0.0913652734252339
226,Clinical only,0.11487832769506374
227,Clinical only,0.03836604342323252
228,Clinical only,0.1098562486274221
229,Clinical only,0.09007129034191363
230,Clinical only,0.07987558649908184
231,Clinical only,0.09839855616162196
232,Clinical only,0.11292500262922885
233,Clinical only,0.03836604342323252
234,Clinical only,0.11610351055924951
235,Clinical only,0.11116091443973079
236,Clinical only,0.0866956720486326
237,Clinical only,0.10622742390164935
238,Clinical only,0.03836604342323252
239,Clinical only,0.10179167849845659
240,Clinical only,0.10023098066967381
241,Clinical only,0.09502901951301594
242,Clinical only,0.1005471164608342
243,Clinical only,0.10700847445951511
244,Clinical only,0.07653230751748256
245,Clinical only,0.06941885354480865
246,Clinical only,0.11487832769506374
247,Clinical only,0.06922034517188161
248,Clinical only,0.09178129183949467
249,Clinical only,0.11200054724799283
250,Clinical only,0.11116091443973079
251,Clinical only,0.06537908072216397
252,Clinical only,0.07969255766017104
253,Clinical only,0.09404648974569821
254,Clinical only,0.04693157065885506
255,Clinical only,0.04644216489949845
256,Clinical only,0.0667800919475085
257,Clinical only,0.11487832769506374
258,Clinical only,0.07723136042957027
259,Clinical only,0.03836604342323252
260,Clinical only,0.09896206814668722
261,Clinical only,0.09713452574487148
262,Clinical only,0.11236714935037752
263,Clinical only,0.06922034517188161
264,Clinical only,0.03781944022893282
265,Clinical only,0.10715396490030647
266,Clinical only,0.10359645054747224
267,Clinical only,0.10003306748813447
268,Clinical only,0.04981966135867241
269,Clinical only,0.09301612835298875
270,Clinical only,0.11487832769506374
271,Clinical only,0.10492645139873898
272,Clinical only,0.09729768716798312
273,Clinical only,0.09141674897855032
274,Clinical only,0.06108379737857816
275,Clinical only,0.06922034517188161
276,Clinical only,0.08655482016503017
277,Clinical only,0.06922034517188161
278,Clinical only,0.09301612835298875
279,Clinical only,0.11204604081060333
280,Clinical only,0.0963178904270446
281,Clinical only,0.09896206814668722
282,Clinical only,0.0915474419526544
283,Clinical only,0.07163968980119556
284,Clinical only,0.10043455101975696
285,Clinical only,0.04693157065885506
286,Clinical only,0.10164418614253115
287,Clinical only,0.04778245226510242
288,Clinical only,0.10191060122352451
289,Clinical only,0.11487832769506374
290,Clinical only,0.04224338417859489
291,Clinical only,0.07284269898656703
292,Clinical only,0.11116091443973079
293,Clinical only,0.11725526611587343
294,Clinical only,0.09404648974569821
295,Clinical only,0.10106821298464584
296,Clinical only,0.10164418614253115
297,Clinical only,0.03836604342323252
298,Clinical only,0.08137852909359011
299,Clinical only,0.1098562486274221
300,Clinical only,0.10609331524222872
301,Clinical only,0.09488798903207117
302,Clinical only,0.03820295389763569
303,Clinical only,0.06725247575469329
304,Clinical only,0.10746366519748352
305,Clinical only,0.09178129183949467
306,Clinical only,0.08148808466443096
307,Clinical only,0.11116091443973079
308,Clinical only,0.09167824995224907
309,Clinical only,0.06922034517188161
310,Clinical only,0.06922034517188161
311,Clinical only,0.04486377691844528
312,Clinical only,0.09921836426033087
313,Clinical only,0.09902730321193906
314,Clinical only,0.07564641588633918
315,Clinical only,0.03836604342323252
316,Clinical only,0.09713452574487148
317,Clinical only,0.0534761490107009
318,Clinical only,0.08566677666135336
319,Clinical only,0.10250473816123538
320,Clinical only,0.08694266046939494
321,Clinical only,0.06922034517188161
322,Clinical only,0.10215157916890516
323,Clinical only,0.07653230751748256
324,Clinical only,0.11487832769506374
325,Clinical only,0.09404648974569821
326,Clinical only,0.11449264439746336
327,Clinical only,0.10113206676344477
328,Clinical only,0.07844429351763992
329,Clinical only,0.10164100252787646
330,Clinical only,0.06537908072216397
331,Clinical only,0.09404648974569821
332,Clinical only,0.06137499803977589
333,Clinical only,0.09579694694081037
334,Clinical only,0.10023098066967381
335,Clinical only,0.11165253736209355
336,Clinical only,0.11116091443973079
337,Clinical only,0.09343853313872749
338,Clinical only,0.10574996823273651
339,Clinical only,0.09378870344366967
340,Clinical only,0.10620288788946923
341,Clinical only,0.07163968980119556
342,Clinical only,0.11424948244930015
343,Clinical only,0.09033624767567718
344,Clinical only,0.09178129183949467
345,Clinical only,0.1137923733363197
346,Clinical only,0.04486377691844528
347,Clinical only,0.07284269898656703
348,Clinical only,0.11483897854934276
349,Clinical only,0.11116091443973079
350,Clinical only,0.07163968980119556
351,Clinical only,0.03762649706995462
352,Clinical only,0.10612735537620217
353,Clinical only,0.08045929873173382
354,Clinical only,0.09709202171015098
355,Clinical only,0.11041961751566608
356,Clinical only,0.11256976990122512
357,Clinical only,0.10294480051709062
358,Clinical only,0.10211140334274776
359,Clinical only,0.07723136042957027
360,Clinical only,0.10003306748813447
361,Clinical only,0.03762649706995462
362,Clinical only,0.04277116048652654
363,Clinical only,0.07163968980119556
364,Clinical only,0.10694468963218291
365,Clinical only,0.09152130750960479
366,Clinical only,0.08551374556969553
367,Clinical only,0.1016020794910198
368,Clinical only,0.06918177765244782
369,Clinical only,0.10164100252787646
1,Clin + Rad + BiomedCLIP,0.08927863258771988
2,Clin + Rad + BiomedCLIP,0.0768665584417694
3,Clin + Rad + BiomedCLIP,0.0739176286781992
4,Clin + Rad + BiomedCLIP,0.09533423750854939
5,Clin + Rad + BiomedCLIP,0.0794682216743007
6,Clin + Rad + BiomedCLIP,0.07566432788385899
7,Clin + Rad + BiomedCLIP,0.10915952282011677
8,Clin + Rad + BiomedCLIP,0.07175879142966297
9,Clin + Rad + BiomedCLIP,0.07705862404816512
10,Clin + Rad + BiomedCLIP,0.07557412750891818
11,Clin + Rad + BiomedCLIP,0.07030113349857167
12,Clin + Rad + BiomedCLIP,0.09707886186738215
13,Clin + Rad + BiomedCLIP,0.08686299792963624
14,Clin + Rad + BiomedCLIP,0.08704469159455602
15,Clin + Rad + BiomedCLIP,0.0845113004665609
16,Clin + Rad + BiomedCLIP,0.09817929174952975
17,Clin + Rad + BiomedCLIP,0.09249824670509252
18,Clin + Rad + BiomedCLIP,0.10475021897735222
19,Clin + Rad + BiomedCLIP,0.09542107622436682
20,Clin + Rad + BiomedCLIP,0.10384969256423517
21,Clin + Rad + BiomedCLIP,0.08477656520592773
22,Clin + Rad + BiomedCLIP,0.08115237987155426
23,Clin + Rad + BiomedCLIP,0.09436576763767396
24,Clin + Rad + BiomedCLIP,0.0996975583358611
25,Clin + Rad + BiomedCLIP,0.09360699226561635
26,Clin + Rad + BiomedCLIP,0.07615097576249968
27,Clin + Rad + BiomedCLIP,0.07003876289843343
28,Clin + Rad + BiomedCLIP,0.10587293391411624
29,Clin + Rad + BiomedCLIP,0.0945473170420659
30,Clin + Rad + BiomedCLIP,0.07126190549323345
31,Clin + Rad + BiomedCLIP,0.09418787140294418
32,Clin + Rad + BiomedCLIP,0.06727271138039705
33,Clin + Rad + BiomedCLIP,0.078618954127268
34,Clin + Rad + BiomedCLIP,0.09027146025837454
35,Clin + Rad + BiomedCLIP,0.08618652208022035
36,Clin + Rad + BiomedCLIP,0.09458875542038933
37,Clin + Rad + BiomedCLIP,0.09289746686230796
38,Clin + Rad + BiomedCLIP,0.08878425517917451
39,Clin + Rad + BiomedCLIP,0.09404262402353308
40,Clin + Rad + BiomedCLIP,0.07684762563012588
41,Clin + Rad + BiomedCLIP,0.07935944901790366
42,Clin + Rad + BiomedCLIP,0.07320946150958287
43,Clin + Rad + BiomedCLIP,0.10123958095349038
44,Clin + Rad + BiomedCLIP,0.10411404907154566
45,Clin + Rad + BiomedCLIP,0.08424259809676757
46,Clin + Rad + BiomedCLIP,0.08241443928665854
47,Clin + Rad + BiomedCLIP,0.08355067471206507
48,Clin + Rad + BiomedCLIP,0.10804677695963916
49,Clin + Rad + BiomedCLIP,0.06660796929177998
50,Clin + Rad + BiomedCLIP,0.10491957910651861
51,Clin + Rad + BiomedCLIP,0.06594164285219259
52,Clin + Rad + BiomedCLIP,0.07280975266381305
53,Clin + Rad + BiomedCLIP,0.08624885259701916
54,Clin + Rad + BiomedCLIP,0.10265938385146685
55,Clin + Rad + BiomedCLIP,0.06613085798683443
56,Clin + Rad + BiomedCLIP,0.10352662650065327
57,Clin + Rad + BiomedCLIP,0.07703124140618299
58,Clin + Rad + BiomedCLIP,0.07522215260838416
59,Clin + Rad + BiomedCLIP,0.08515826702391739
60,Clin + Rad + BiomedCLIP,0.05451070372643032
61,Clin + Rad + BiomedCLIP,0.09611773358907091
62,Clin + Rad + BiomedCLIP,0.09380853406542618
63,Clin + Rad + BiomedCLIP,0.09364218955409712
64,Clin + Rad + BiomedCLIP,0.06887699407160512
65,Clin + Rad + BiomedCLIP,0.08724218816040158
66,Clin + Rad + BiomedCLIP,0.0692429642398
67,Clin + Rad + BiomedCLIP,0.07310516616820785
68,Clin + Rad + BiomedCLIP,0.07193359138346454
69,Clin + Rad + BiomedCLIP,0.0720099189365184
70,Clin + Rad + BiomedCLIP,0.07852739010186752
71,Clin + Rad + BiomedCLIP,0.07484812485950088
72,Clin + Rad + BiomedCLIP,0.09897390191065293
73,Clin + Rad + BiomedCLIP,0.07365659322646918
74,Clin + Rad + BiomedCLIP,0.08774772240394446
75,Clin + Rad + BiomedCLIP,0.09271444933837715
76,Clin + Rad + BiomedCLIP,0.08434077120550534
77,Clin + Rad + BiomedCLIP,0.11502814141765713
78,Clin + Rad + BiomedCLIP,0.055811855799956636
79,Clin + Rad + BiomedCLIP,0.08740466870826402
80,Clin + Rad + BiomedCLIP,0.11377860625092585
81,Clin + Rad + BiomedCLIP,0.1014183157598178
82,Clin + Rad + BiomedCLIP,0.10485209510435417
83,Clin + Rad + BiomedCLIP,0.0899953463605379
84,Clin + Rad + BiomedCLIP,0.061408415676910265
85,Clin + Rad + BiomedCLIP,0.11987947722332581
86,Clin + Rad + BiomedCLIP,0.05860733935537976
87,Clin + Rad + BiomedCLIP,0.09234558164165071
88,Clin + Rad + BiomedCLIP,0.07661732626117508
89,Clin + Rad + BiomedCLIP,0.10190053681547527
90,Clin + Rad + BiomedCLIP,0.09715516636390761
91,Clin + Rad + BiomedCLIP,0.10854738810415576
92,Clin + Rad + BiomedCLIP,0.10500411982185451
93,Clin + Rad + BiomedCLIP,0.07335919826098553
94,Clin + Rad + BiomedCLIP,0.08714292657821325
95,Clin + Rad + BiomedCLIP,0.05025588592277185
96,Clin + Rad + BiomedCLIP,0.11312753418044261
97,Clin + Rad + BiomedCLIP,0.08479910796113804
98,Clin + Rad + BiomedCLIP,0.09280668242801798
99,Clin + Rad + BiomedCLIP,0.08911899031666133
100,Clin + Rad + BiomedCLIP,0.09971750326042185
101,Clin + Rad + BiomedCLIP,0.10547865043935745
102,Clin + Rad + BiomedCLIP,0.06611416133352055
103,Clin + Rad + BiomedCLIP,0.07609674778519343
104,Clin + Rad + BiomedCLIP,0.0859565755202537
105,Clin + Rad + BiomedCLIP,0.05576378919650019
106,Clin + Rad + BiomedCLIP,0.0636904412070855
107,Clin + Rad + BiomedCLIP,0.0773090803913166
108,Clin + Rad + BiomedCLIP,0.10076309283876608
109,Clin + Rad + BiomedCLIP,0.08933208402578173
110,Clin + Rad + BiomedCLIP,0.09894509462076292
111,Clin + Rad + BiomedCLIP,0.07950284909302857
112,Clin + Rad + BiomedCLIP,0.09633121668498652
113,Clin + Rad + BiomedCLIP,0.08152099848362081
114,Clin + Rad + BiomedCLIP,0.08760674663363237
115,Clin + Rad + BiomedCLIP,0.0923085793171535
116,Clin + Rad + BiomedCLIP,0.0948270770266826
117,Clin + Rad + BiomedCLIP,0.0843536601953208
118,Clin + Rad + BiomedCLIP,0.07479540513404755
119,Clin + Rad + BiomedCLIP,0.09315006059085615
120,Clin + Rad + BiomedCLIP,0.07479318125538706
121,Clin + Rad + BiomedCLIP,0.06864189875467731
122,Clin + Rad + BiomedCLIP,0.08808228924600388
123,Clin + Rad + BiomedCLIP,0.08237565566852922
124,Clin + Rad + BiomedCLIP,0.08222199417116755
125,Clin + Rad + BiomedCLIP,0.07431843438178634
126,Clin + Rad + BiomedCLIP,0.09679324094605223
127,Clin + Rad + BiomedCLIP,0.07457730287389387
128,Clin + Rad + BiomedCLIP,0.08400995897218759
129,Clin + Rad + BiomedCLIP,0.10569853614465814
130,Clin + Rad + BiomedCLIP,0.0927086562984964
131,Clin + Rad + BiomedCLIP,0.08005478676315891
132,Clin + Rad + BiomedCLIP,0.07670316246296012
133,Clin + Rad + BiomedCLIP,0.07912738337865471
134,Clin + Rad + BiomedCLIP,0.10042079062380571
135,Clin + Rad + BiomedCLIP,0.08334749124244449
136,Clin + Rad + BiomedCLIP,0.08244456480796908
137,Clin + Rad + BiomedCLIP,0.0876853511131441
138,Clin + Rad + BiomedCLIP,0.10328077000580843
139,Clin + Rad + BiomedCLIP,0.10642904916465304
140,Clin + Rad + BiomedCLIP,0.08561559929947184
141,Clin + Rad + BiomedCLIP,0.053150145890486666
142,Clin + Rad + BiomedCLIP,0.0840251087710326
143,Clin + Rad + BiomedCLIP,0.07652916207746083
144,Clin + Rad + BiomedCLIP,0.0791590716116667
145,Clin + Rad + BiomedCLIP,0.08643433280069962
146,Clin + Rad + BiomedCLIP,0.09011372164373899
147,Clin + Rad + BiomedCLIP,0.07622530115396388
148,Clin + Rad + BiomedCLIP,0.11919124467255512
149,Clin + Rad + BiomedCLIP,0.09780094013204192
150,Clin + Rad + BiomedCLIP,0.08830185338805009
151,Clin + Rad + BiomedCLIP,0.10602554974229263
152,Clin + Rad + BiomedCLIP,0.07103119748872873
153,Clin + Rad + BiomedCLIP,0.09003177699941577
154,Clin + Rad + BiomedCLIP,0.08577855930521695
155,Clin + Rad + BiomedCLIP,0.08182878210691734
156,Clin + Rad + BiomedCLIP,0.10335356514288124
157,Clin + Rad + BiomedCLIP,0.06270841479374369
158,Clin + Rad + BiomedCLIP,0.049439714041712365
159,Clin + Rad + BiomedCLIP,0.08072479320868968
160,Clin + Rad + BiomedCLIP,0.06837203162691927
161,Clin + Rad + BiomedCLIP,0.07492751036553473
162,Clin + Rad + BiomedCLIP,0.06186896917868799
163,Clin + Rad + BiomedCLIP,0.0677966603499326
164,Clin + Rad + BiomedCLIP,0.05462530313605578
165,Clin + Rad + BiomedCLIP,0.08575742953295391
166,Clin + Rad + BiomedCLIP,0.061326971949637474
167,Clin + Rad + BiomedCLIP,0.08237805547363741
168,Clin + Rad + BiomedCLIP,0.08782091860646384
169,Clin + Rad + BiomedCLIP,0.08515300818154684
170,Clin + Rad + BiomedCLIP,0.09935311296143097
171,Clin + Rad + BiomedCLIP,0.0914805614664003
172,Clin + Rad + BiomedCLIP,0.10231601051358918
173,Clin + Rad + BiomedCLIP,0.08468786101973216
174,Clin + Rad + BiomedCLIP,0.10671120027961746
175,Clin + Rad + BiomedCLIP,0.09043841473274995
176,Clin + Rad + BiomedCLIP,0.09191003295940285
177,Clin + Rad + BiomedCLIP,0.07130403802051882
178,Clin + Rad + BiomedCLIP,0.08866194698907977
179,Clin + Rad + BiomedCLIP,0.09660375750218239
180,Clin + Rad + BiomedCLIP,0.11250882507902618
181,Clin + Rad + BiomedCLIP,0.09581145204491738
182,Clin + Rad + BiomedCLIP,0.08060455146372154
183,Clin + Rad + BiomedCLIP,0.08337903022872957
184,Clin + Rad + BiomedCLIP,0.070774392679963
185,Clin + Rad + BiomedCLIP,0.08363629976847994
186,Clin + Rad + BiomedCLIP,0.08619187190089452
187,Clin + Rad + BiomedCLIP,0.10032314813762289
188,Clin + Rad + BiomedCLIP,0.08596645541152811
189,Clin + Rad + BiomedCLIP,0.07174600576059767
190,Clin + Rad + BiomedCLIP,0.07460066259718702
191,Clin + Rad + BiomedCLIP,0.1010376441409183
192,Clin + Rad + BiomedCLIP,0.0660135820598345
193,Clin + Rad + BiomedCLIP,0.08575965431633678
194,Clin + Rad + BiomedCLIP,0.08872280682469175
195,Clin + Rad + BiomedCLIP,0.08936177863062299
196,Clin + Rad + BiomedCLIP,0.07812018247975697
197,Clin + Rad + BiomedCLIP,0.09255360496126214
198,Clin + Rad + BiomedCLIP,0.07095036636072799
199,Clin + Rad + BiomedCLIP,0.09079573378898119
200,Clin + Rad + BiomedCLIP,0.08634486322453389
201,Clin + Rad + BiomedCLIP,0.09699645424260209
202,Clin + Rad + BiomedCLIP,0.09534472862414507
203,Clin + Rad + BiomedCLIP,0.10775305801694746
204,Clin + Rad + BiomedCLIP,0.06346697705764251
205,Clin + Rad + BiomedCLIP,0.06726985967581149
206,Clin + Rad + BiomedCLIP,0.07733827360049918
207,Clin + Rad + BiomedCLIP,0.08672031611671184
208,Clin + Rad + BiomedCLIP,0.07724221851048554
209,Clin + Rad + BiomedCLIP,0.09790320243898665
210,Clin + Rad + BiomedCLIP,0.07725979857270428
211,Clin + Rad + BiomedCLIP,0.09074335690219579
212,Clin + Rad + BiomedCLIP,0.07818666400430285
213,Clin + Rad + BiomedCLIP,0.09827270341643456
214,Clin + Rad + BiomedCLIP,0.09913580755578283
215,Clin + Rad + BiomedCLIP,0.1060415404045645
216,Clin + Rad + BiomedCLIP,0.10541773620035187
217,Clin + Rad + BiomedCLIP,0.09053553246525926
218,Clin + Rad + BiomedCLIP,0.0781876250712812
219,Clin + Rad + BiomedCLIP,0.09181132644529212
220,Clin + Rad + BiomedCLIP,0.07432123783310414
221,Clin + Rad + BiomedCLIP,0.08392295022793698
222,Clin + Rad + BiomedCLIP,0.09140352505527301
223,Clin + Rad + BiomedCLIP,0.08873788733367483
224,Clin + Rad + BiomedCLIP,0.07137425935391263
225,Clin + Rad + BiomedCLIP,0.10129130841084878
226,Clin + Rad + BiomedCLIP,0.08996381109643593
227,Clin + Rad + BiomedCLIP,0.09457579319935884
228,Clin + Rad + BiomedCLIP,0.08200014651532492
229,Clin + Rad + BiomedCLIP,0.10807055318911403
230,Clin + Rad + BiomedCLIP,0.08006335298078085
231,Clin + Rad + BiomedCLIP,0.061269644669391485
232,Clin + Rad + BiomedCLIP,0.08115556463178632
233,Clin + Rad + BiomedCLIP,0.08507734757215575
234,Clin + Rad + BiomedCLIP,0.09087881622847788
235,Clin + Rad + BiomedCLIP,0.08388898375708866
236,Clin + Rad + BiomedCLIP,0.06927750437720905
237,Clin + Rad + BiomedCLIP,0.09677332266021821
238,Clin + Rad + BiomedCLIP,0.0885055263527145
239,Clin + Rad + BiomedCLIP,0.1019358987130439
240,Clin + Rad + BiomedCLIP,0.0978572859819947
241,Clin + Rad + BiomedCLIP,0.06597786889272744
242,Clin + Rad + BiomedCLIP,0.07760432524544572
243,Clin + Rad + BiomedCLIP,0.08296326350419507
244,Clin + Rad + BiomedCLIP,0.0880571062932515
245,Clin + Rad + BiomedCLIP,0.10874757840724007
246,Clin + Rad + BiomedCLIP,0.0789879062277781
247,Clin + Rad + BiomedCLIP,0.08041098489474348
248,Clin + Rad + BiomedCLIP,0.07050857938454227
249,Clin + Rad + BiomedCLIP,0.09361541576497197
250,Clin + Rad + BiomedCLIP,0.07215480674101526
251,Clin + Rad + BiomedCLIP,0.08108970508096076
252,Clin + Rad + BiomedCLIP,0.06517274103234554
253,Clin + Rad + BiomedCLIP,0.0720664303685786
254,Clin + Rad + BiomedCLIP,0.06625857320306833
255,Clin + Rad + BiomedCLIP,0.09456418801199638
256,Clin + Rad + BiomedCLIP,0.07408991516156344
257,Clin + Rad + BiomedCLIP,0.08683583392827557
258,Clin + Rad + BiomedCLIP,0.0551589486727038
259,Clin + Rad + BiomedCLIP,0.06345371161494923
260,Clin + Rad + BiomedCLIP,0.09936850712402133
261,Clin + Rad + BiomedCLIP,0.09092882921883144
262,Clin + Rad + BiomedCLIP,0.09679887937722788
263,Clin + Rad + BiomedCLIP,0.04899479701323136
264,Clin + Rad + BiomedCLIP,0.10311926975927531
265,Clin + Rad + BiomedCLIP,0.05490199714977177
266,Clin + Rad + BiomedCLIP,0.09873363780041389
267,Clin + Rad + BiomedCLIP,0.08962794731346611
268,Clin + Rad + BiomedCLIP,0.09903084163713861
269,Clin + Rad + BiomedCLIP,0.08920217985617176
270,Clin + Rad + BiomedCLIP,0.0884997503387356
271,Clin + Rad + BiomedCLIP,0.08668079991564617
272,Clin + Rad + BiomedCLIP,0.08306326088948915
273,Clin + Rad + BiomedCLIP,0.05627046099613951
274,Clin + Rad + BiomedCLIP,0.08069011117391632
275,Clin + Rad + BiomedCLIP,0.08679144301570947
276,Clin + Rad + BiomedCLIP,0.0785116972817343
277,Clin + Rad + BiomedCLIP,0.08497130104137422
278,Clin + Rad + BiomedCLIP,0.08484279202124768
279,Clin + Rad + BiomedCLIP,0.09235306854241747
280,Clin + Rad + BiomedCLIP,0.0829494581273716
281,Clin + Rad + BiomedCLIP,0.08581905266491062
282,Clin + Rad + BiomedCLIP,0.0977374633028657
283,Clin + Rad + BiomedCLIP,0.07444758892608676
284,Clin + Rad + BiomedCLIP,0.08437481230600719
285,Clin + Rad + BiomedCLIP,0.0716668282041622
286,Clin + Rad + BiomedCLIP,0.08789029203543201
287,Clin + Rad + BiomedCLIP,0.09395735317202264
288,Clin + Rad + BiomedCLIP,0.09856608068983562
289,Clin + Rad + BiomedCLIP,0.08570470004612622
290,Clin + Rad + BiomedCLIP,0.08844531570518403
291,Clin + Rad + BiomedCLIP,0.09625906298920668
292,Clin + Rad + BiomedCLIP,0.08785114674517791
293,Clin + Rad + BiomedCLIP,0.07188147767896365
294,Clin + Rad + BiomedCLIP,0.08506948024056406
295,Clin + Rad + BiomedCLIP,0.09647049862636531
296,Clin + Rad + BiomedCLIP,0.07904381293892385
297,Clin + Rad + BiomedCLIP,0.051208096256488894
298,Clin + Rad + BiomedCLIP,0.11565996971239033
299,Clin + Rad + BiomedCLIP,0.096714064632726
300,Clin + Rad + BiomedCLIP,0.08512645534557221
301,Clin + Rad + BiomedCLIP,0.08603896851195686
302,Clin + Rad + BiomedCLIP,0.07445292886290905
303,Clin + Rad + BiomedCLIP,0.08782732991220307
304,Clin + Rad + BiomedCLIP,0.09847795562466385
305,Clin + Rad + BiomedCLIP,0.10042203921047954
306,Clin + Rad + BiomedCLIP,0.10235550653492292
307,Clin + Rad + BiomedCLIP,0.04632987780856621
308,Clin + Rad + BiomedCLIP,0.07295809473971518
309,Clin + Rad + BiomedCLIP,0.09621961717843916
310,Clin + Rad + BiomedCLIP,0.0694963221505738
311,Clin + Rad + BiomedCLIP,0.05614061360883403
312,Clin + Rad + BiomedCLIP,0.05803400550271279
313,Clin + Rad + BiomedCLIP,0.06796482251593788
314,Clin + Rad + BiomedCLIP,0.09006616199177514
315,Clin + Rad + BiomedCLIP,0.07775790452399747
316,Clin + Rad + BiomedCLIP,0.08183503782906673
317,Clin + Rad + BiomedCLIP,0.08530700626461866
318,Clin + Rad + BiomedCLIP,0.07637833067525629
319,Clin + Rad + BiomedCLIP,0.10297544049117204
320,Clin + Rad + BiomedCLIP,0.07741598682591282
321,Clin + Rad + BiomedCLIP,0.07950086668212131
322,Clin + Rad + BiomedCLIP,0.05542339840450776
323,Clin + Rad + BiomedCLIP,0.08827854178438246
324,Clin + Rad + BiomedCLIP,0.06734620868213673
325,Clin + Rad + BiomedCLIP,0.06490426361008607
326,Clin + Rad + BiomedCLIP,0.08196436017570471
327,Clin + Rad + BiomedCLIP,0.07304535733056026
328,Clin + Rad + BiomedCLIP,0.09648835870748397
329,Clin + Rad + BiomedCLIP,0.07829177940063062
330,Clin + Rad + BiomedCLIP,0.0761123240210366
331,Clin + Rad + BiomedCLIP,0.07013131502689825
332,Clin + Rad + BiomedCLIP,0.09052978261251404
333,Clin + Rad + BiomedCLIP,0.07483380713797431
334,Clin + Rad + BiomedCLIP,0.08410614593162442
335,Clin + Rad + BiomedCLIP,0.10359721878204721
336,Clin + Rad + BiomedCLIP,0.07951840306032283
337,Clin + Rad + BiomedCLIP,0.08630061702015183
338,Clin + Rad + BiomedCLIP,0.10059073908643766
339,Clin + Rad + BiomedCLIP,0.09192486558450087
340,Clin + Rad + BiomedCLIP,0.08877480361239554
341,Clin + Rad + BiomedCLIP,0.09744654097632283
342,Clin + Rad + BiomedCLIP,0.08600159929119595
343,Clin + Rad + BiomedCLIP,0.07930893290919043
344,Clin + Rad + BiomedCLIP,0.07112388720404474
345,Clin + Rad + BiomedCLIP,0.08125600067264839
346,Clin + Rad + BiomedCLIP,0.10223470694486539
347,Clin + Rad + BiomedCLIP,0.09107104143571934
348,Clin + Rad + BiomedCLIP,0.05093306614273417
349,Clin + Rad + BiomedCLIP,0.09250691323333701
350,Clin + Rad + BiomedCLIP,0.09444492901562337
351,Clin + Rad + BiomedCLIP,0.0651956145093721
352,Clin + Rad + BiomedCLIP,0.07016544577072457
353,Clin + Rad + BiomedCLIP,0.08937807954227175
354,Clin + Rad + BiomedCLIP,0.06371826435520708
355,Clin + Rad + BiomedCLIP,0.08530104820033259
356,Clin + Rad + BiomedCLIP,0.07574040581897212
357,Clin + Rad + BiomedCLIP,0.07644683071922746
358,Clin + Rad + BiomedCLIP,0.09472952490635651
359,Clin + Rad + BiomedCLIP,0.10242285590235273
360,Clin + Rad + BiomedCLIP,0.0890635391628116
361,Clin + Rad + BiomedCLIP,0.09136428478257157
362,Clin + Rad + BiomedCLIP,0.07304196126245432
363,Clin + Rad + BiomedCLIP,0.11009126451400142
364,Clin + Rad + BiomedCLIP,0.07991044433360586
365,Clin + Rad + BiomedCLIP,0.08307083493663439
366,Clin + Rad + BiomedCLIP,0.10251348425018728
367,Clin + Rad + BiomedCLIP,0.07171540034464931
368,Clin + Rad + BiomedCLIP,0.06934520998756014
369,Clin + Rad + BiomedCLIP,0.0721231415694242
