feature,family,spearman,old_median,new_median,old_sd,new_sd
original_shape_Elongation,shape,0.9979938567624665,0.7724900810472141,0.7726752070303944,0.14509105106137143,0.14446968154369066
original_shape_Flatness,shape,0.999053186886547,0.5981945160915145,0.6007627173528024,0.15710281802142237,0.15676162831693544
original_shape_LeastAxisLength,shape,0.999736232077522,20.736547203448648,20.815937853058664,9.920620730879408,9.922679626893508
original_shape_MajorAxisLength,shape,0.9998365347769679,36.34636218664728,36.36317243646816,21.461973114865682,21.461594757485386
original_shape_Maximum2DDiameterColumn,shape,0.9983555860549393,38.70814765952842,38.63935817272331,21.070472345405477,21.028007988028154
original_shape_Maximum2DDiameterRow,shape,0.9972191268308459,41.77981852697057,41.43669871020132,22.143656612960612,22.147798012615244
original_shape_Maximum2DDiameterSlice,shape,0.9984371213238556,39.32789785350353,39.20459156782532,21.199174438515215,21.16695458947596
original_shape_Maximum3DDiameter,shape,0.9978046072359484,46.76528575201064,46.57789144209427,24.708039779414094,24.677231260351714
original_shape_MeshVolume,shape,0.9999075384293401,10591.640382654712,10574.875,41867.23468787987,41911.83641447421
original_shape_MinorAxisLength,shape,0.9997395470262772,26.55634782518301,26.556774430258173,14.534289512120258,14.540637830347451
original_shape_Sphericity,shape,0.9892496466870242,0.5527358101842974,0.5683646938951534,0.14236460770946618,0.14251828661116983
original_shape_SurfaceArea,shape,0.9988898364117413,4394.317204172428,4299.327755297394,11566.115481932735,11291.94730480804
original_shape_SurfaceVolumeRatio,shape,0.9961728151634935,0.4360835523457174,0.42671294910792545,0.17575274437854302,0.1681051824344885
original_shape_VoxelVolume,shape,0.9999119147944154,10684.352099674785,10661.0,41926.53594846228,41970.72632538194
original_firstorder_10Percentile,firstorder,0.2410179254074595,2.0909671405055796,511.95,1.3088375623659194,572.523535478363
original_firstorder_90Percentile,firstorder,0.1632495843060227,4.702399378139486,997.2127935771196,2.4583060683020945,1125.724035914682
original_firstorder_Energy,firstorder,0.49703205625570024,201320.02868480096,6069531921.0,677204.6056532214,172027443469.04987
original_firstorder_Entropy,firstorder,-0.2188251482281055,0.00165221232816015,5.2255027601867985,0.056502790873224795,0.25767266947435086
original_firstorder_InterquartileRange,firstorder,0.2975696943558461,1.3815808838943742,251.0,0.8183474721625363,338.3203237585954
original_firstorder_Kurtosis,firstorder,0.983563655335343,2.9325894541740203,2.9160457889154268,0.7782145813085295,0.7820349097539101
original_firstorder_Maximum,firstorder,0.1548041774366871,7.110693535848789,1363.0,3.594716927660726,1602.2813558979851
original_firstorder_MeanAbsoluteDeviation,firstorder,0.253913574313533,0.8048279388945526,143.72233100727522,0.45332527548391194,190.51377569115039
original_firstorder_Mean,firstorder,0.17977975607969565,3.3992896986015215,766.6169034965669,1.8659014128319877,847.6444000762558
original_firstorder_Median,firstorder,0.19605243387721863,3.4331425047033663,767.0,1.9221288063810258,860.322827560663
original_firstorder_Minimum,firstorder,0.7312544480089763,-0.1682106854733739,75.0,0.6276288897780403,201.8757442428412
original_firstorder_Range,firstorder,0.1886476971974503,7.051965770559348,1209.5,3.5519883593208825,1517.147428239035
original_firstorder_RobustMeanAbsoluteDeviation,firstorder,0.28740402984295366,0.572107980530724,103.32703305981306,0.3352177596904468,139.20576801775962
original_firstorder_RootMeanSquared,firstorder,0.1732991970110382,3.5487725459716053,787.8804537036309,1.9211188027038826,876.5566561527651
original_firstorder_Skewness,firstorder,0.9890249951598561,-0.1420244126728199,-0.1864956051736176,0.44034501993933195,0.4502211159618332
original_firstorder_TotalEnergy,firstorder,0.4492818004149678,152811.07325655158,6069531921.0,551364.058720877,172027443469.04987
original_firstorder_Uniformity,firstorder,-0.22312508570028988,0.999772861936365,0.03111308018705715,0.022467008808404253,0.007264430209925338
original_firstorder_Variance,firstorder,0.23390113943076077,0.9881977875668349,32038.577195269565,1.7622595648099888,267960.20807815215
original_glcm_Autocorrelation,glcm,-0.09082843665187988,3.9808257100222173,1300.8707573773117,1.4630263928177096,390.8332281079717
original_glcm_ClusterProminence,glcm,-0.11723744030249922,0.00018753317624305,239370.4641184537,0.049928908631621464,193972.0617041767
original_glcm_ClusterShade,glcm,-0.07645334254491276,-0.00016103473594195002,-798.4659601812602,0.027883919396119314,2783.643428489463
original_glcm_ClusterTendency,glcm,-0.16445277677754047,0.00015113362959804998,284.411150994751,0.029350926432860792,115.18570659039032
original_glcm_Contrast,glcm,-0.10945885592451297,0.00014213144806585,54.61806464456119,0.013660381236133258,25.008399894602725
original_glcm_Correlation,glcm,0.029588753371399885,0.3072289389468715,0.6753241794025473,0.42453665810236685,0.1081176053996118
original_glcm_DifferenceAverage,glcm,-0.09646260742819202,0.00014213144806585,5.461697474816859,0.013660381236133258,1.3169435616331429
original_glcm_DifferenceEntropy,glcm,-0.09964590690291608,0.00199167643272255,3.9176910417997863,0.0586042155158365,0.3277324338403457
original_glcm_DifferenceVariance,glcm,-0.12234782809061885,0.00014210460975565,24.040779440212113,0.01110386761532096,9.749909904400655
original_glcm_Id,glcm,-0.06906536281700068,0.999928934275967,0.2798868784164661,0.00683019061806664,0.04863935166679773
original_glcm_Idm,glcm,-0.06284089891320929,0.999928934275967,0.18958298051897748,0.00683019061806664,0.051089247760709375
original_glcm_Idmn,glcm,-0.10857548088609797,0.999971573710387,0.9874071725884999,0.0027320762472266475,0.0054759209452070546
original_glcm_Idn,glcm,-0.09309286354875376,0.9999526228506447,0.9257720530051221,0.004553460412044417,0.015998589249531635
original_glcm_Imc1,glcm,-0.0683544307419568,-1.8057494922422926e-05,-0.13039478455247444,0.07664481018028843,0.03988184858366588
original_glcm_Imc2,glcm,-0.12215676044421941,0.00029266664405055,0.8477925138810469,0.05887187000411763,0.07162145674917719
original_glcm_InverseVariance,glcm,0.06500204048337414,0.00014213144806585,0.19570408769797634,0.013660381236133258,0.04688532422190823
original_glcm_JointAverage,glcm,-0.07933212713496092,1.994930041473282,35.19457638261717,0.4880457191466805,5.807750759204052
original_glcm_JointEnergy,glcm,-0.12333024719129092,0.9997099411954732,0.0017668761924586498,0.03224274268745464,0.00130034766289702
original_glcm_JointEntropy,glcm,-0.1244457656003089,0.00217404353639,9.681209008731855,0.09913730103938617,0.47385317929898235
original_glcm_MCC,glcm,0.03286729689349154,0.24276512509559378,0.7057382872165647,0.43765153118173983,0.09585341193701498
original_glcm_MaximumProbability,glcm,-0.07559839188130335,0.9998549503922622,0.00552732597577775,0.02070428456781026,0.004370253617210576
original_glcm_SumAverage,glcm,-0.07933212713496092,3.989860082946564,70.38915276523431,0.976091438293361,11.615501518408102
original_glcm_SumEntropy,glcm,-0.17029582324229894,0.0020362142817063,6.047120959835437,0.08585019295592973,0.2658222147882634
original_glcm_SumSquares,glcm,-0.1592496607231412,7.383512839131246e-05,84.025675611248,0.01067897613514247,32.735832068100606
original_gldm_DependenceEntropy,gldm,-0.49304711810786284,2.9176443466966138,7.487060162134064,0.654450595655923,0.27176167826957975
original_gldm_DependenceNonUniformity,gldm,0.8129266171706567,3697.8052454577914,2429.822117059429,35836.72988267334,5917.887272767341
original_gldm_DependenceNonUniformityNormalized,gldm,-0.6527896664377439,0.2881362879284623,0.22244996930461203,0.14238373197513843,0.053355834510210885
original_gldm_DependenceVariance,gldm,-0.5324777195600526,26.395154420226834,2.4624231031780672,6.555585412628977,2.2547803121155967
original_gldm_GrayLevelNonUniformity,gldm,0.907855366834637,13286.05073551486,344.97381180984564,59012.05673137481,2148.5930054397245
original_gldm_GrayLevelVariance,gldm,-0.2158411025670384,0.00011356903181735,89.02650624928042,0.011233504404202121,34.966265032155334
original_gldm_HighGrayLevelEmphasis,gldm,-0.0778903672396721,3.9828048650567167,1248.7337076916933,1.4634664843280139,367.9645626336557
original_gldm_LargeDependenceEmphasis,gldm,0.615476118758549,564.0452015602295,9.068910730410153,64.24094239620803,7.714569465657192
original_gldm_LargeDependenceHighGrayLevelEmphasis,gldm,0.14476633659339416,2010.2465211002523,12235.051519793844,860.284915283806,7315.0161565856315
original_gldm_LargeDependenceLowGrayLevelEmphasis,gldm,-0.06630082382213973,155.85076223281177,0.01022580071211065,202.2229998459805,0.13518716509145748
original_gldm_LowGrayLevelEmphasis,gldm,0.12780120509094323,0.2542987837358207,0.0016471942380689,0.3658666210820035,0.0013713481876763969
original_gldm_SmallDependenceEmphasis,gldm,0.5742449136414411,0.00278797249700215,0.387242727288312,0.0013807529402226643,0.08996796525941374
original_gldm_SmallDependenceHighGrayLevelEmphasis,gldm,0.005704287318848409,0.0084563139386693,445.66556633804674,0.005012796676409308,154.93644114908244
original_gldm_SmallDependenceLowGrayLevelEmphasis,gldm,0.5198151125581286,0.0016337225673127,0.00081663936306,0.0013565663247486718,0.0006283580534800021
original_glrlm_GrayLevelNonUniformity,glrlm,0.8560722334220917,1802.1625101809714,313.2428411233958,4957.613553439118,1524.6736010317175
original_glrlm_GrayLevelNonUniformityNormalized,glrlm,-0.24745243856014737,0.9981410666309936,0.0308792612176475,0.05302729803021148,0.006857189012711086
original_glrlm_GrayLevelVariance,glrlm,-0.23744845482122287,0.0009294666845030999,90.1232715962857,0.026513649015105736,34.46207248638837
original_glrlm_HighGrayLevelRunEmphasis,glrlm,-0.06929235608076911,3.892603320071318,1244.0463220058305,1.4418815007748007,360.4454596919212
original_glrlm_LongRunEmphasis,glrlm,0.6882186912493066,116.50327854389928,1.2078782009000957,195.70609375809582,0.15191406278206976
original_glrlm_LongRunHighGrayLevelEmphasis,glrlm,-0.06977254415368304,284.78328150698536,1527.7417965167242,794.9482096672078,466.4196237903211
original_glrlm_LongRunLowGrayLevelEmphasis,glrlm,-0.14854224172262073,53.32002768360266,0.00194554174911375,90.90717815650162,0.003552253730737754
original_glrlm_LowGrayLevelRunEmphasis,glrlm,0.12636495093646477,0.2768491699821705,0.00167319424058855,0.3604703751937002,0.001294909553700066
original_glrlm_RunEntropy,glrlm,-0.26254522912893913,3.9319973816266787,5.590538127402562,0.5323377534790111,0.19749739760375914
original_glrlm_RunLengthNonUniformity,glrlm,0.6578935017888291,164.5078261983897,8869.262796286099,592.2751199308747,28197.31306949459
original_glrlm_RunLengthNonUniformityNormalized,glrlm,0.6195281208696614,0.08769497568307069,0.8879759067515649,0.03602639413220411,0.039859241290477375
original_glrlm_RunPercentage,glrlm,0.6330809063605387,0.1474667191598596,0.9390514117793528,0.06033480870553354,0.026089565145845584
original_glrlm_RunVariance,glrlm,0.6721282359876318,39.42382194479553,0.0734271438262595,66.65215435188732,0.06976221487496824
original_glrlm_ShortRunEmphasis,glrlm,0.4477545142749024,0.20067907065404933,0.954706389074836,0.06638763539172131,0.01869326176295011
original_glrlm_ShortRunHighGrayLevelEmphasis,glrlm,-0.20959691689366097,0.5741105742133146,1181.9847131432634,0.36205485708683566,341.0979662285221
original_glrlm_ShortRunLowGrayLevelEmphasis,glrlm,0.22738004873867154,0.08700084700943,0.00160955879840735,0.07975916762003678,0.0011678834960533423
original_glszm_GrayLevelNonUniformity,glszm,0.43632213159243805,2.0,136.52704780834813,47.16510607333969,344.81482027392207
original_glszm_GrayLevelNonUniformityNormalized,glszm,-0.25444485699157127,0.8579881656804734,0.0281407738630607,0.2026759774877648,0.004554733664375671
original_glszm_GrayLevelVariance,glszm,-0.2500039444876719,0.0710059171597633,99.76381237519155,0.10133798874388239,28.45647377512646
original_glszm_HighGrayLevelZoneEmphasis,glszm,-0.019782245992404846,1.2307692307692308,1141.6312582429935,0.7225386393440114,281.2474841132622
original_glszm_LargeAreaEmphasis,glszm,0.6205786026305264,44945732.3125,22.363125440573988,1295181014.0090802,53232.530028729576
original_glszm_LargeAreaHighGrayLevelEmphasis,glszm,0.6040568597860186,105855693.75,31775.020227210796,4769981658.562171,5743175.056318475
original_glszm_LargeAreaLowGrayLevelEmphasis,glszm,0.4054217134370873,21086069.833333336,0.0224814467927042,621251970.3416077,752.1756979344763
original_glszm_LowGrayLevelZoneEmphasis,glszm,0.17502773799999352,0.9423076923076924,0.00214856158138555,0.18063465983600285,0.001221775395347486
original_glszm_SizeZoneNonUniformity,glszm,0.36738829777051046,1.0,2102.0386800877905,11.863411401806841,3909.6513938050857
original_glszm_SizeZoneNonUniformityNormalized,glszm,0.24402242936770568,0.4375,0.4397542020361811,0.3185825662017753,0.051942076633640505
original_glszm_SmallAreaEmphasis,glszm,-0.07614731810764619,0.27361351478515256,0.6896030653224504,0.2425227813881711,0.04101314516159542
original_glszm_SmallAreaHighGrayLevelEmphasis,glszm,-0.15898362906182423,0.2941910530837861,756.0808156669191,0.3315043358204869,193.31420173479654
original_glszm_SmallAreaLowGrayLevelEmphasis,glszm,0.030441518662173372,0.22314366715638367,0.0016128122416358501,0.23754993973359967,0.0009546708557384736
original_glszm_ZoneEntropy,glszm,0.07034308739363661,1.4999999999999991,7.065480818679683,1.1257303181705038,0.2066700881158043
original_glszm_ZonePercentage,glszm,0.39277914013141796,0.00025649074594595003,0.44788120222333216,0.0012414528600602135,0.10895051787825115
original_glszm_ZoneVariance,glszm,0.46711132197318456,12482955.677933672,17.033855675422842,937151740.7433158,53185.663802111194
original_ngtdm_Busyness,ngtdm,0.3688322309686705,0.3551901867766743,0.41922652397881355,117.3251049382794,1.557520272121858
original_ngtdm_Coarseness,ngtdm,0.35996537255345684,0.7168301801328936,0.0010476970588875999,489476.7659884407,0.0015498748105128406
original_ngtdm_Complexity,ngtdm,-0.03839307833696066,0.00016596334558495,5549.125927029495,0.013501147756574808,1242.7991349896404
original_ngtdm_Contrast,ngtdm,-0.19254247366866342,2.280631807299856e-08,0.1553093138627163,0.0022676144468624657,0.09640117577270418
original_ngtdm_Strength,ngtdm,-0.11897210359640639,0.0113371211170048,1.5025344990704403,0.32690854274285097,1.9882608530496557
